<?xml version="1.0" encoding="UTF-8"?>

<FLOW VERSION="3.0" CLEANUP="true">
  <COMMENT></COMMENT>

  <!-- nodes -->

<MAP TIMEOUT="" MODE="STANDALONE">
  <COMMENT></COMMENT>
  <MAPTARGET>

<Values version="2.0">
  <record name="xml" javaclass="com.wm.util.Values">
    <value name="node_type">record</value>
    <value name="node_subtype">unknown</value>
    <value name="is_public">false</value>
    <value name="field_type">record</value>
    <value name="field_dim">0</value>
    <value name="nillable">true</value>
    <value name="form_qualified">false</value>
    <value name="is_global">false</value>
    <array name="rec_fields" type="record" depth="1">
      <record javaclass="com.wm.util.Values">
        <value name="node_type">record</value>
        <value name="node_subtype">unknown</value>
        <value name="node_comment"></value>
        <record name="node_hints" javaclass="com.wm.util.Values">
          <value name="field_largerEditor">false</value>
          <value name="field_password">false</value>
        </record>
        <value name="is_public">false</value>
        <value name="field_name">bookDb</value>
        <value name="field_type">recref</value>
        <value name="field_dim">0</value>
        <value name="wrapper_type">IData</value>
        <value name="nillable">true</value>
        <value name="form_qualified">false</value>
        <value name="is_global">false</value>
        <value name="rec_closed">true</value>
        <value name="modifiable">true</value>
        <value name="rec_ref">BookstoreAPI.docs:bookDb</value>
      </record>
      <record javaclass="com.wm.util.Values">
        <value name="node_type">record</value>
        <value name="node_subtype">unknown</value>
        <value name="is_public">false</value>
        <value name="field_name">bookJson</value>
        <value name="field_type">recref</value>
        <value name="field_dim">0</value>
        <value name="nillable">true</value>
        <value name="form_qualified">false</value>
        <value name="is_global">false</value>
        <value name="modifiable">true</value>
        <value name="rec_ref">BookstoreAPI.docs:bookJson</value>
      </record>
    </array>
    <value name="modifiable">true</value>
  </record>
</Values>
</MAPTARGET>
  <MAPSOURCE>

<Values version="2.0">
  <record name="xml" javaclass="com.wm.util.Values">
    <value name="node_type">record</value>
    <value name="node_subtype">unknown</value>
    <value name="is_public">false</value>
    <value name="field_type">record</value>
    <value name="field_dim">0</value>
    <value name="nillable">true</value>
    <value name="form_qualified">false</value>
    <value name="is_global">false</value>
    <array name="rec_fields" type="record" depth="1">
      <record javaclass="com.wm.util.Values">
        <value name="node_type">record</value>
        <value name="node_subtype">unknown</value>
        <value name="node_comment"></value>
        <record name="node_hints" javaclass="com.wm.util.Values">
          <value name="field_largerEditor">false</value>
          <value name="field_password">false</value>
        </record>
        <value name="is_public">false</value>
        <value name="field_name">bookDb</value>
        <value name="field_type">recref</value>
        <value name="field_dim">0</value>
        <value name="wrapper_type">IData</value>
        <value name="nillable">true</value>
        <value name="form_qualified">false</value>
        <value name="is_global">false</value>
        <value name="rec_closed">true</value>
        <value name="modifiable">true</value>
        <value name="rec_ref">BookstoreAPI.docs:bookDb</value>
      </record>
    </array>
    <value name="modifiable">true</value>
  </record>
</Values>
</MAPSOURCE>

  <!-- nodes -->

<MAPCOPY FROM="/bookDb;4;0;BookstoreAPI.docs:bookDb/title;1;0" TO="/bookJson;4;0;BookstoreAPI.docs:bookJson/title;1;0">
</MAPCOPY>

<MAPCOPY FROM="/bookDb;4;0;BookstoreAPI.docs:bookDb/author;1;0" TO="/bookJson;4;0;BookstoreAPI.docs:bookJson/author;1;0">
</MAPCOPY>

<MAPCOPY FROM="/bookDb;4;0;BookstoreAPI.docs:bookDb/type;1;0" TO="/bookJson;4;0;BookstoreAPI.docs:bookJson/type;1;0">
</MAPCOPY>

<MAPCOPY FROM="/bookDb;4;0;BookstoreAPI.docs:bookDb/publisher;1;0" TO="/bookJson;4;0;BookstoreAPI.docs:bookJson/publisher;1;0">
</MAPCOPY>

<MAPCOPY FROM="/bookDb;4;0;BookstoreAPI.docs:bookDb/language;1;0" TO="/bookJson;4;0;BookstoreAPI.docs:bookJson/language;1;0">
</MAPCOPY>

<MAPCOPY FROM="/bookDb;4;0;BookstoreAPI.docs:bookDb/isbn;1;0" TO="/bookJson;4;0;BookstoreAPI.docs:bookJson/isbn;1;0">
</MAPCOPY>

<MAPINVOKE SERVICE="BookstoreAPI.utils:objectToString" VALIDATE-IN="$none" VALIDATE-OUT="$none" INVOKE-ORDER="0">

  <!-- nodes -->

<MAP MODE="INVOKEINPUT">

  <!-- nodes -->

<MAPCOPY FROM="/bookDb;4;0;BookstoreAPI.docs:bookDb/book_id;3.6;0" TO="/inObject;3;0">
</MAPCOPY>
</MAP>

<MAP MODE="INVOKEOUTPUT">

  <!-- nodes -->

<MAPCOPY FROM="/outString;1;0" TO="/bookJson;4;0;BookstoreAPI.docs:bookJson/id;1;0">
</MAPCOPY>
</MAP>
</MAPINVOKE>

<MAPINVOKE SERVICE="BookstoreAPI.utils:objectToString" VALIDATE-IN="$none" VALIDATE-OUT="$none" INVOKE-ORDER="0">

  <!-- nodes -->

<MAP MODE="INVOKEINPUT">

  <!-- nodes -->

<MAPCOPY FROM="/bookDb;4;0;BookstoreAPI.docs:bookDb/publish_date;3;0" TO="/inObject;3;0">
</MAPCOPY>
</MAP>

<MAP MODE="INVOKEOUTPUT">

  <!-- nodes -->

<MAPCOPY FROM="/outString;1;0" TO="/bookJson;4;0;BookstoreAPI.docs:bookJson/publish_date;1;0">
</MAPCOPY>
</MAP>
</MAPINVOKE>

<MAPINVOKE SERVICE="BookstoreAPI.utils:objectToString" VALIDATE-IN="$none" VALIDATE-OUT="$none" INVOKE-ORDER="0">

  <!-- nodes -->

<MAP MODE="INVOKEINPUT">

  <!-- nodes -->

<MAPCOPY FROM="/bookDb;4;0;BookstoreAPI.docs:bookDb/price;3.5;0" TO="/inObject;3;0">
</MAPCOPY>
</MAP>

<MAP MODE="INVOKEOUTPUT">

  <!-- nodes -->

<MAPCOPY FROM="/outString;1;0" TO="/bookJson;4;0;BookstoreAPI.docs:bookJson/price;1;0">
</MAPCOPY>
</MAP>
</MAPINVOKE>

<MAPINVOKE SERVICE="BookstoreAPI.utils:objectToString" VALIDATE-IN="$none" VALIDATE-OUT="$none" INVOKE-ORDER="0">

  <!-- nodes -->

<MAP MODE="INVOKEINPUT">

  <!-- nodes -->

<MAPCOPY FROM="/bookDb;4;0;BookstoreAPI.docs:bookDb/num_of_pages;3.8;0" TO="/inObject;3;0">
</MAPCOPY>
</MAP>

<MAP MODE="INVOKEOUTPUT">

  <!-- nodes -->

<MAPCOPY FROM="/outString;1;0" TO="/bookJson;4;0;BookstoreAPI.docs:bookJson/num_of_pages;1;0">
</MAPCOPY>
</MAP>
</MAPINVOKE>
</MAP>

<MAP TIMEOUT="" MODE="STANDALONE">
  <COMMENT>Cleanup</COMMENT>
  <MAPTARGET>

<Values version="2.0">
  <record name="xml" javaclass="com.wm.util.Values">
    <value name="node_type">record</value>
    <value name="node_subtype">unknown</value>
    <value name="is_public">false</value>
    <value name="field_type">record</value>
    <value name="field_dim">0</value>
    <value name="nillable">true</value>
    <value name="form_qualified">false</value>
    <value name="is_global">false</value>
    <array name="rec_fields" type="record" depth="1">
    </array>
    <value name="modifiable">true</value>
  </record>
</Values>
</MAPTARGET>
  <MAPSOURCE>

<Values version="2.0">
  <record name="xml" javaclass="com.wm.util.Values">
    <value name="node_type">record</value>
    <value name="node_subtype">unknown</value>
    <value name="is_public">false</value>
    <value name="field_type">record</value>
    <value name="field_dim">0</value>
    <value name="nillable">true</value>
    <value name="form_qualified">false</value>
    <value name="is_global">false</value>
    <array name="rec_fields" type="record" depth="1">
      <record javaclass="com.wm.util.Values">
        <value name="node_type">record</value>
        <value name="node_subtype">unknown</value>
        <value name="node_comment"></value>
        <record name="node_hints" javaclass="com.wm.util.Values">
          <value name="field_largerEditor">false</value>
          <value name="field_password">false</value>
        </record>
        <value name="is_public">false</value>
        <value name="field_name">bookDb</value>
        <value name="field_type">recref</value>
        <value name="field_dim">0</value>
        <value name="wrapper_type">IData</value>
        <value name="nillable">true</value>
        <value name="form_qualified">false</value>
        <value name="is_global">false</value>
        <value name="rec_closed">true</value>
        <value name="modifiable">true</value>
        <value name="rec_ref">BookstoreAPI.docs:bookDb</value>
      </record>
      <record javaclass="com.wm.util.Values">
        <value name="node_type">record</value>
        <value name="node_subtype">unknown</value>
        <value name="is_public">false</value>
        <value name="field_name">bookJson</value>
        <value name="field_type">recref</value>
        <value name="field_dim">0</value>
        <value name="nillable">true</value>
        <value name="form_qualified">false</value>
        <value name="is_global">false</value>
        <value name="modifiable">true</value>
        <value name="rec_ref">BookstoreAPI.docs:bookJson</value>
      </record>
    </array>
    <value name="modifiable">true</value>
  </record>
</Values>
</MAPSOURCE>

  <!-- nodes -->

<MAPDELETE FIELD="/bookDb;4;0;BookstoreAPI.docs:bookDb">
</MAPDELETE>
</MAP>
</FLOW>
